accession,full_name,host,vp8_reference,vp8_coverage,vp8_status
PP211180.1,RVA/Human-wt/PA207/2021/ITA/G1P[8],Homo sapiens,Wa_P8,1.0,PASS
PP211191.1,RVA/Human-wt/PA225/2021/ITA/G1P[8],Homo sapiens,Wa_P8,1.0,PASS
OQ815910.1,RVA/Human-wt/PA222/2021/ITA/G1P8,Homo sapiens,Wa_P8,1.0,PASS
OP487300.2,RVA/Human-wt/USA/3000782785/2017/G8P[8],Homo sapiens,Wa_P8,1.0,PASS
OP487311.2,RVA/Human-wt/USA/3000782807/2017/G8P[8],Homo sapiens,Wa_P8,1.0,PASS
OP487322.2,RVA/Human-wt/USA/3000803506/2017/G8P[8],Homo sapiens,Wa_P8,1.0,PASS
OP487333.2,RVA/Human-wt/USA/3000803525/2017/G8P[8],Homo sapiens,Wa_P8,0.9963235294117647,PASS
OP487344.2,RVA/Human-wt/USA/3000803565/2017/G8P[8],Homo sapiens,Wa_P8,1.0,PASS
OP487355.2,RVA/Human-wt/USA/3000804049/2017/G8P[8],Homo sapiens,Wa_P8,1.0,PASS
OP487366.2,RVA/Human-wt/USA/3000804056/2017/G8P[8],Homo sapiens,Wa_P8,1.0,PASS
OP487377.2,RVA/Human-wt/USA/3000804062/2017/G8P[8],Homo sapiens,Wa_P8,1.0,PASS
OP487388.2,RVA/Human-wt/USA/3000804087/2017/G8P[8],Homo sapiens,Wa_P8,1.0,PASS
OP487399.2,RVA/Human-wt/USA/3000804093/2017/G8P[8],Homo sapiens,Wa_P8,1.0,PASS
OP487410.2,RVA/Human-wt/USA/3000804105/2017/G8P[8],Homo sapiens,Wa_P8,1.0,PASS
OP487421.2,RVA/Human-wt/USA/3000804124/2017/G8P[8],Homo sapiens,Wa_P8,1.0,PASS
OP487432.2,RVA/Human-wt/USA/3000819446/2017/G8P[8],Homo sapiens,Wa_P8,1.0,PASS
OP487443.1,RVA/Human-wt/USA/3000908377/2017/G8P[8],Homo sapiens,Wa_P8,1.0,PASS
OP487454.1,RVA/Human-wt/USA/3000908378/2017/G8P[8],Homo sapiens,Wa_P8,1.0,PASS
OP487465.1,RVA/Human-wt/USA/3000908379/2017/G8P[8],Homo sapiens,Wa_P8,1.0,PASS
OP487476.1,RVA/Human-wt/USA/3000908380/2017/G8P[8],Homo sapiens,Wa_P8,1.0,PASS
OP487487.1,RVA/Human-wt/USA/3000908381/2017/G8P[8],Homo sapiens,Wa_P8,1.0,PASS
OP487498.1,RVA/Human-wt/USA/3000908384/2017/G8P[8],Homo sapiens,Wa_P8,1.0,PASS
OP487509.1,RVA/Human-wt/USA/3000908385/2017/G8P[8],Homo sapiens,Wa_P8,1.0,PASS
OK872252.1,RVA/Human-Lab/JPN/Odelia/2020/G4P[8],Homo sapiens,Wa_P8,1.0,PASS
OK872260.1,RVA/Human-Lab/USA/Wa/2021/G1P[8],Homo sapiens,Wa_P8,1.0,PASS
MW718932.1,MH100P,Homo sapiens,Wa_P8,0.9816176470588235,PASS
MW718933.1,IR207P,Homo sapiens,Wa_P8,0.9963235294117647,PASS
MW718934.1,IR208P,Homo sapiens,Wa_P8,0.9816176470588235,PASS
MW718935.1,IR226P,Homo sapiens,Wa_P8,0.9595588235294118,PASS
MW718947.1,MH032P,Homo sapiens,Wa_P8,0.9632352941176471,PASS
MW718948.1,MH037P,Homo sapiens,Wa_P8,0.9632352941176471,PASS
MW718952.1,VAC2P,Homo sapiens,Wa_P8,0.9779411764705882,PASS
OL906390.1,RM251122016,Homo sapiens,Wa_P8,0.9889705882352942,PASS
MT381743.1,PAK41,Homo sapiens,Wa_P8,1.0,PASS
MT381744.1,PAK65,Homo sapiens,Wa_P8,1.0,PASS
MT381745.1,PAK77,Homo sapiens,Wa_P8,1.0,PASS
MT381746.1,PAK88,Homo sapiens,Wa_P8,1.0,PASS
MT381747.1,PAK540,Homo sapiens,Wa_P8,1.0,PASS
MT381748.1,PAK601,Homo sapiens,Wa_P8,1.0,PASS
MN417972.1,,Homo sapiens,Wa_P8,1.0,PASS
MN417973.1,,Homo sapiens,Wa_P8,1.0,PASS
MN417974.1,,Homo sapiens,Wa_P8,1.0,PASS
LC469325.1,,Homo sapiens,Wa_P8,1.0,PASS
LC469326.1,,Homo sapiens,Wa_P8,1.0,PASS
LC469327.1,,Homo sapiens,Wa_P8,1.0,PASS
LC469328.1,,Homo sapiens,Wa_P8,1.0,PASS
LC469329.1,,Homo sapiens,Wa_P8,1.0,PASS
LC469330.1,,Homo sapiens,Wa_P8,1.0,PASS
LC469331.1,,Homo sapiens,Wa_P8,1.0,PASS
LC469332.1,,Homo sapiens,Wa_P8,1.0,PASS
LC469333.1,,Homo sapiens,Wa_P8,1.0,PASS
LC469334.1,,Homo sapiens,Wa_P8,1.0,PASS
LC469335.1,,Homo sapiens,Wa_P8,1.0,PASS
LC469336.1,,Homo sapiens,Wa_P8,1.0,PASS
LC469337.1,,Homo sapiens,Wa_P8,1.0,PASS
LC469338.1,,Homo sapiens,Wa_P8,1.0,PASS
LC469339.1,,Homo sapiens,Wa_P8,0.9889705882352942,PASS
LC469340.1,,Homo sapiens,Wa_P8,1.0,PASS
LC469341.1,,Homo sapiens,Wa_P8,0.9816176470588235,PASS
MH002241.1,,Homo sapiens,Wa_P8,0.9705882352941176,PASS
MG590344.1,RVA/Human-wt/BRA/CE0045/2010/P[8],Homo sapiens,Wa_P8,0.9522058823529411,PASS
MG590345.1,RVA/Human-wt/BRA/CE0146/2010/P[8],Homo sapiens,Wa_P8,0.9522058823529411,PASS
MG590346.1,RVA/Human-wt/BRA/CE0158/2010/P[4],Homo sapiens,DS1_P4,0.9522058823529411,PASS
MG590347.1,RVA/Human-wt/BRA/CE0176/2010/P[8],Homo sapiens,Wa_P8,0.9522058823529411,PASS
MG590348.1,RVA/Human-wt/BRA/CE0196/2010/P[8],Homo sapiens,Wa_P8,0.9522058823529411,PASS
MG590349.1,RVA/Human-wt/BRA/PI0475/2010/P[8],Homo sapiens,Wa_P8,0.9522058823529411,PASS
MG590350.1,RVA/Human-wt/BRA/PI0508/2010/P[8],Homo sapiens,Wa_P8,0.9522058823529411,PASS
MG590351.1,RVA/Human-wt/BRA/PI0513/2010/P[8],Homo sapiens,Wa_P8,0.9522058823529411,PASS
MG590352.1,RVA/Human-wt/BRA/PI0515/2010/P[8],Homo sapiens,Wa_P8,0.9522058823529411,PASS
MG590353.1,RVA/Human-wt/BRA/PI0584/2010/P[8],Homo sapiens,Wa_P8,0.9522058823529411,PASS
MG590354.1,RVA/Human-wt/BRA/PE0765/2010/P[8],Homo sapiens,Wa_P8,0.9522058823529411,PASS
MG590355.1,RVA/Human-wt/BRA/PB0919/2010/P[8],Homo sapiens,Wa_P8,0.9522058823529411,PASS
MG590356.1,RVA/Human-wt/BRA/PB0964/2010/P[8],Homo sapiens,Wa_P8,0.9522058823529411,PASS
MG590358.1,RVA/Human-wt/BRA/PB1055/2010/P[8],Homo sapiens,Wa_P8,0.9522058823529411,PASS
MG590360.1,RVA/Human-wt/BRA/PB1551/2011/P[8],Homo sapiens,Wa_P8,0.9522058823529411,PASS
MG590361.1,RVA/Human-wt/BRA/PB1558/2011/P[8],Homo sapiens,Wa_P8,0.9522058823529411,PASS
KX778573.1,RVA/Human-wt/CHN/km15007/G9P[8],Homo sapiens,Wa_P8,1.0,PASS
KX778574.1,RVA/Human-wt/CHN/km15035/G9P[8],Homo sapiens,Wa_P8,1.0,PASS
KX778575.1,RVA/Human-wt/CHN/km15066/G9P[8],Homo sapiens,Wa_P8,1.0,PASS
KX778576.1,RVA/Human-wt/CHN/km15093/G9P[8],Homo sapiens,Wa_P8,1.0,PASS
KX778577.1,RVA/Human-wt/CHN/km15094/G9P[8],Homo sapiens,Wa_P8,1.0,PASS
KX778578.1,RVA/Human-wt/CHN/km15095/G9P[8],Homo sapiens,Wa_P8,1.0,PASS
KX778579.1,RVA/Human-wt/CHN/km15097/G9P[8],Homo sapiens,Wa_P8,1.0,PASS
KX778580.1,RVA/Human-wt/CHN/km15099/G9P[8],Homo sapiens,Wa_P8,1.0,PASS
KX778581.1,RVA/Human-wt/CHN/km15100/G9P[8],Homo sapiens,Wa_P8,1.0,PASS
KX778582.1,RVA/Human-wt/CHN/km15105/G9P[8],Homo sapiens,Wa_P8,1.0,PASS
KX778583.1,RVA/Human-wt/CHN/km15118/G9P[8],Homo sapiens,Wa_P8,1.0,PASS
KX778584.1,RVA/Human-wt/CHN/km15119/G9P[8],Homo sapiens,Wa_P8,1.0,PASS
KU754055.1,Hu/Ash-1/2015/G2P[4],Homo sapiens,DS1_P4,0.9779411764705882,PASS
KU754056.1,Hu/Ash-2/2015/G2P[4],Homo sapiens,DS1_P4,0.9779411764705882,PASS
KU754057.1,Hu/Ash-12/2015/G2P[4],Homo sapiens,DS1_P4,0.9889705882352942,PASS
KU754058.1,Hu/Ash-21/2015/G2P[4],Homo sapiens,DS1_P4,0.9816176470588235,PASS
KU754059.1,Hu/Ash-22/2015/G2P[4],Homo sapiens,DS1_P4,0.9779411764705882,PASS
KU754060.1,Hu/Ash-27/2015/G2P[4],Homo sapiens,DS1_P4,1.0,PASS
KU754061.1,Hu/Ash-39/2015/G2P[4],Homo sapiens,DS1_P4,0.9816176470588235,PASS
KU754062.1,Hu/Ash-B09/2015/G2P[4],Homo sapiens,DS1_P4,0.9558823529411765,PASS
KU754063.1,Hu/Ash-5/2015/G8P[8],Homo sapiens,Wa_P8,0.9742647058823529,PASS
KU754064.1,Hu/Ash-6/2015/G8P[8],Homo sapiens,Wa_P8,0.9742647058823529,PASS
KU754065.1,Hu/Ash-7/2015/G8P[8],Homo sapiens,Wa_P8,0.9742647058823529,PASS
KU754066.1,Hu/Ash-8/2015/G8P[8],Homo sapiens,Wa_P8,0.9742647058823529,PASS
KU754067.1,Hu/Ash-9/2015/G1P[8],Homo sapiens,Wa_P8,0.9742647058823529,PASS
KU754068.1,Hu/Ash-10/2015/G8P[8],Homo sapiens,Wa_P8,0.9742647058823529,PASS
KU754069.1,Hu/Ash-11/2015/G1P[8],Homo sapiens,Wa_P8,0.9742647058823529,PASS
KU754070.1,Hu/Ash-13/2015/G1P[8],Homo sapiens,Wa_P8,0.9742647058823529,PASS
KU754071.1,Hu/Ash-14/2015/G1P[8],Homo sapiens,Wa_P8,0.9742647058823529,PASS
KU754072.1,Hu/Ash-15/2015/G1P[8],Homo sapiens,Wa_P8,0.9742647058823529,PASS
KU754073.1,Hu/Ash-16/2015/G1P[8],Homo sapiens,Wa_P8,0.9742647058823529,PASS
KU754074.1,Hu/Ash-17/2015/G9P[8],Homo sapiens,Wa_P8,0.9742647058823529,PASS
KU754075.1,Hu/Ash-18/2015/G1P[8],Homo sapiens,Wa_P8,0.9742647058823529,PASS
KU754076.1,Hu/Ash-19/2015/G1P[8],Homo sapiens,Wa_P8,0.9742647058823529,PASS
KU754077.1,Hu/Ash-20/2015/G2P[8],Homo sapiens,Wa_P8,0.9742647058823529,PASS
KU754078.1,Hu/Ash-25/2015/G8P[8],Homo sapiens,Wa_P8,0.9742647058823529,PASS
KU754079.1,Hu/Ash-26/2015/G1P[8],Homo sapiens,Wa_P8,0.9742647058823529,PASS
KU754080.1,Hu/Ash-29/2015/G1P[8],Homo sapiens,Wa_P8,0.9742647058823529,PASS
KU754081.1,Hu/Ash-30/2015/G1P[8],Homo sapiens,Wa_P8,0.9742647058823529,PASS
KU754082.1,Hu/Ash-31/2015/G1P[8],Homo sapiens,Wa_P8,0.9742647058823529,PASS
KU754083.1,Hu/Ash-32/2015/G1P[8],Homo sapiens,Wa_P8,0.9742647058823529,PASS
KU754084.1,Hu/Ash-24/2015/G8P[8],Homo sapiens,Wa_P8,0.9742647058823529,PASS
KU754085.1,Hu/Ash-28/2015/G1P[8],Homo sapiens,Wa_P8,0.9448529411764706,PASS
KU754086.1,Hu/Ash-33/2015/G1P[8],Homo sapiens,Wa_P8,0.9742647058823529,PASS
KU754087.1,Hu/Ash-34/2015/G1P[8],Homo sapiens,Wa_P8,0.9742647058823529,PASS
KU754088.1,Hu/Ash-35/2015/G8P[8],Homo sapiens,Wa_P8,0.9448529411764706,PASS
KU754089.1,Hu/Ash-36/2015/G1P[8],Homo sapiens,Wa_P8,0.9742647058823529,PASS
KU754090.1,Hu/Ash-37/2015/G1P[8],Homo sapiens,Wa_P8,0.9742647058823529,PASS
KU754091.1,Hu/Ash-38/2015/G8P[8],Homo sapiens,Wa_P8,0.9742647058823529,PASS
KU754092.1,Hu/Ash-40/2015/G1P[8],Homo sapiens,Wa_P8,0.9742647058823529,PASS
KU754093.1,Hu/Ash-41/2015/G1P[8],Homo sapiens,Wa_P8,0.9742647058823529,PASS
KU754094.1,Hu/Ash-C01/2015/G1P[8],Homo sapiens,Wa_P8,0.9742647058823529,PASS
KU754095.1,Hu/Ash-C04/2015/G1P[8],Homo sapiens,Wa_P8,0.9742647058823529,PASS
KU754096.1,Hu/Ash-C06/2015/G1P[8],Homo sapiens,Wa_P8,0.9742647058823529,PASS
KU754097.1,Hu/Ash-C07/2015/G1P[8],Homo sapiens,Wa_P8,0.9742647058823529,PASS
KU754098.1,Hu/Ash-C08/2015/G1P[8],Homo sapiens,Wa_P8,0.9742647058823529,PASS
KU754099.1,Hu/Ash-C09/2015/G1P[8],Homo sapiens,Wa_P8,0.9742647058823529,PASS
KU754100.1,Hu/Ash-C10/2015/G1P[8],Homo sapiens,Wa_P8,0.9742647058823529,PASS
KU754101.1,Hu/Ash-C11/2015/G1P[8],Homo sapiens,Wa_P8,0.9742647058823529,PASS
KU754102.1,Hu/Ash-C12/2015/G1P[8],Homo sapiens,Wa_P8,0.9742647058823529,PASS
KU754103.1,Hu/Ash-C13/2015/G1P[8],Homo sapiens,Wa_P8,0.9742647058823529,PASS
KU754104.1,Hu/Ash-C14/2015/G1P[8],Homo sapiens,Wa_P8,0.9742647058823529,PASS
KU754105.1,Hu/Ash-C15/2015/G1P[8],Homo sapiens,Wa_P8,0.9742647058823529,PASS
KU754106.1,Hu/Ash-C16/2015/G1P[8],Homo sapiens,Wa_P8,0.9742647058823529,PASS
KU754107.1,Hu/Ash-C17/2015/G1P[8],Homo sapiens,Wa_P8,0.9742647058823529,PASS
KU754108.1,Hu/Ash-C18/2015/G1P[8],Homo sapiens,Wa_P8,0.9742647058823529,PASS
KU754109.1,Hu/Ash-C19/2015/G1P[8],Homo sapiens,Wa_P8,0.9742647058823529,PASS
KU754110.1,Hu/Ash-C20/2015/G1P[8],Homo sapiens,Wa_P8,0.9742647058823529,PASS
KU754111.1,Hu/Ash-C21/2015/G1P[8],Homo sapiens,Wa_P8,0.9742647058823529,PASS
KU754112.1,Hu/Ash-C23/2015/G1P[8],Homo sapiens,Wa_P8,0.9301470588235294,PASS
KU754113.1,Hu/Ash-C24/2015/G1P[8],Homo sapiens,Wa_P8,0.9742647058823529,PASS
KU754114.1,Hu/Ash-C25/2015/G1P[8],Homo sapiens,Wa_P8,0.9742647058823529,PASS
KU754115.1,Hu/Ash-C26/2015/G8P[8],Homo sapiens,Wa_P8,0.9742647058823529,PASS
KU754116.1,Hu/Ash-C27/2015/G1P[8],Homo sapiens,Wa_P8,0.9742647058823529,PASS
KU754117.1,Hu/Ash-C29/2015/G1P[8],Homo sapiens,Wa_P8,0.9742647058823529,PASS
KU754118.1,Hu/Ash-B06/2015/G1P[8],Homo sapiens,Wa_P8,0.9448529411764706,PASS
KU754119.1,Hu/Ash-B11/2015/G1P[8],Homo sapiens,Wa_P8,0.9558823529411765,PASS
KU754120.1,Hu/Ash-B12/2015/G1P[8],Homo sapiens,Wa_P8,0.9448529411764706,PASS
KU754121.1,Hu/Ash-B13/2015/G8P[8],Homo sapiens,Wa_P8,0.9448529411764706,PASS
KU754122.1,Hu/Ash-B14/2015/G1P[8],Homo sapiens,Wa_P8,0.9448529411764706,PASS
KU754123.1,Hu/Ash-B15/2015/G1P[8],Homo sapiens,Wa_P8,0.9448529411764706,PASS
KU754124.1,Hu/Ash-B19/2015/G1P[8],Homo sapiens,Wa_P8,0.9448529411764706,PASS
KU754125.1,Hu/Ash-B22/2015/G3P[8],Homo sapiens,Wa_P8,0.9411764705882353,PASS
KU754126.1,Hu/Ash-B24/2015/G3P[8],Homo sapiens,Wa_P8,0.9411764705882353,PASS
KU754127.1,Hu/Ash-B25/2015/G1P[8],Homo sapiens,Wa_P8,0.9448529411764706,PASS
KU754128.1,Hu/Ash-B26/2015/G8P[8],Homo sapiens,Wa_P8,0.9448529411764706,PASS
KU754129.1,Hu/Ash-B33/2015/G1P[8],Homo sapiens,Wa_P8,0.9448529411764706,PASS
KU754130.1,Hu/Ash-B34/2015/G1P[8],Homo sapiens,Wa_P8,0.9411764705882353,PASS
KU754131.1,Hu/Ash-B37/2015/G3P[8],Homo sapiens,Wa_P8,0.9411764705882353,PASS
KU754132.1,Hu/Ash-B40/2015/G8P[8],Homo sapiens,Wa_P8,0.9448529411764706,PASS
KU754133.1,Hu/Ash-B41/2015/G8P[8],Homo sapiens,Wa_P8,0.9448529411764706,PASS
KU754134.1,Hu/Ash-B42/2015/G1P[8],Homo sapiens,Wa_P8,0.9448529411764706,PASS
KU754135.1,Hu/Ash-B43/2015/G1P[8],Homo sapiens,Wa_P8,0.9448529411764706,PASS
KU754136.1,Hu/Ash-B44/2015/G3P[8],Homo sapiens,Wa_P8,0.9448529411764706,PASS
KU754137.1,Hu/Ash-B45/2015/G8P[8],Homo sapiens,Wa_P8,0.9448529411764706,PASS
KU754138.1,Hu/Ash-B46/2015/G8P[8],Homo sapiens,Wa_P8,0.9448529411764706,PASS
KU754139.1,Hu/Ash-B47/2015/G8P[8],Homo sapiens,Wa_P8,0.9448529411764706,PASS
KU754140.1,Hu/Ash-B48/2015/G1P[8],Homo sapiens,Wa_P8,0.9448529411764706,PASS
KU754141.1,Hu/Ash-B49/2015/G1P[8],Homo sapiens,Wa_P8,0.9448529411764706,PASS
KU754142.1,Hu/Ash-B50/2015/G1P[8],Homo sapiens,Wa_P8,0.9448529411764706,PASS
KU754143.1,Hu/Ash-B51/2015/G9P[8],Homo sapiens,Wa_P8,0.9448529411764706,PASS
KU754144.1,Hu/Ash-B54/2015/G1P[8],Homo sapiens,Wa_P8,0.9448529411764706,PASS
KU754145.1,Hu/Ash-B56/2015/G8P[8],Homo sapiens,Wa_P8,0.9448529411764706,PASS
KX536661.1,,Homo sapiens,DS1_P4,1.0,PASS
KX536662.1,,Homo sapiens,DS1_P4,1.0,PASS
KX536663.1,,Homo sapiens,DS1_P4,1.0,PASS
KT387254.1,,Homo sapiens,DS1_P4,0.9816176470588235,PASS
KT387255.1,,Homo sapiens,Wa_P8,0.9632352941176471,PASS
KT387256.1,,Homo sapiens,DS1_P4,0.9448529411764706,PASS
KT387257.1,,Homo sapiens,Wa_P8,0.9779411764705882,PASS
KT387258.1,,Homo sapiens,Wa_P8,0.9779411764705882,PASS
KT387259.1,,Homo sapiens,Wa_P8,0.9705882352941176,PASS
KT387260.1,,Homo sapiens,Wa_P8,0.9669117647058824,PASS
KT387261.1,,Homo sapiens,Wa_P8,0.9779411764705882,PASS
KT387263.1,,Homo sapiens,Wa_P8,0.9669117647058824,PASS
KT387264.1,,Homo sapiens,Wa_P8,0.9779411764705882,PASS
KT387265.1,,Homo sapiens,Wa_P8,0.9779411764705882,PASS
KT387266.1,,Homo sapiens,Wa_P8,0.9779411764705882,PASS
KT387267.1,,Homo sapiens,DS1_P4,0.9779411764705882,PASS
KT387268.1,,Homo sapiens,DS1_P4,0.9852941176470589,PASS
KT387269.1,,Homo sapiens,Wa_P8,0.9301470588235294,PASS
KT387270.1,,Homo sapiens,Wa_P8,0.9852941176470589,PASS
KT387271.1,,Homo sapiens,DS1_P4,0.9816176470588235,PASS
KR653307.1,Human-wt/KHM/CC9192/2014/G26P[6],Homo sapiens,Wa_P8,0.9816176470588235,PASS
KC951971.1,RVA/Human-wt/ECU/2012826168/2011/G2P[4],Homo sapiens,DS1_P4,0.9669117647058824,PASS
KC951972.1,RVA/Human-wt/ECU/2012826169/2011/G2P[4],Homo sapiens,DS1_P4,0.9669117647058824,PASS
KC951973.1,RVA/Human-wt/ECU/2012826186/2011/G2P[4],Homo sapiens,DS1_P4,0.9669117647058824,PASS
KC951974.1,RVA/Human-wt/ECU/2012826188/2011/G9P[4],Homo sapiens,DS1_P4,0.9669117647058824,PASS
KC951975.1,RVA/Human-wt/ECU/2012826189/2011/G2P[4],Homo sapiens,DS1_P4,0.9669117647058824,PASS
KC951976.1,RVA/Human-wt/ECU/2012826192/2011/G2P[4],Homo sapiens,DS1_P4,0.9669117647058824,PASS
KC951977.1,RVA/Human-wt/ECU/2012826196/2011/G2P[4],Homo sapiens,DS1_P4,0.9669117647058824,PASS
KC951978.1,RVA/Human-wt/ECU/2012826197/2011/G2P[4],Homo sapiens,DS1_P4,0.9669117647058824,PASS
KC951979.1,RVA/Human-wt/ECU/2012826198/2011/G2P[4],Homo sapiens,DS1_P4,0.9669117647058824,PASS
KC951980.1,RVA/Human-wt/ECU/2012826225/2011/G2P[4],Homo sapiens,DS1_P4,0.9669117647058824,PASS
KC951981.1,RVA/Human-wt/ECU/2012826228/2011/G2P[4],Homo sapiens,DS1_P4,0.9669117647058824,PASS
KC951982.1,RVA/Human-wt/ECU/2012826037/2011/G9P[8],Homo sapiens,Wa_P8,0.9632352941176471,PASS
KC951983.1,RVA/Human-wt/ECU/2012826143/2011/G9P[8],Homo sapiens,Wa_P8,0.9632352941176471,PASS
KC951984.1,RVA/Human-wt/ECU/2012826149/2011/G9P[8],Homo sapiens,Wa_P8,0.9632352941176471,PASS
KC951985.1,RVA/Human-wt/ECU/2012826152/2011/G9P[8],Homo sapiens,Wa_P8,0.9632352941176471,PASS
KC951986.1,RVA/Human-wt/ECU/2012826166/2011/G2P[8],Homo sapiens,DS1_P4,0.9632352941176471,PASS
KC951987.1,RVA/Human-wt/ECU/2012826172/2011/G9P[8],Homo sapiens,Wa_P8,0.9632352941176471,PASS
KC951988.1,RVA/Human-wt/ECU/2012826173/2011/G9P[8],Homo sapiens,Wa_P8,0.9632352941176471,PASS
KC951989.1,RVA/Human-wt/ECU/2012826175/2011/G9P[8],Homo sapiens,Wa_P8,0.9632352941176471,PASS
KC951990.1,RVA/Human-wt/ECU/2012826200/2011/G9P[8],Homo sapiens,Wa_P8,0.9632352941176471,PASS
KC951991.1,RVA/Human-wt/ECU/2012826217/2012/G9P[8],Homo sapiens,Wa_P8,0.9632352941176471,PASS
KC951992.1,RVA/Human-wt/ECU/2012826220/2012/G9P[8],Homo sapiens,Wa_P8,0.9632352941176471,PASS
KC951993.1,RVA/Human-wt/ECU/2012826222/2012/G9P[8],Homo sapiens,DS1_P4,0.9632352941176471,PASS
KC951994.1,RVA/Human-wt/ECU/2012826242/2012/G9P[8],Homo sapiens,Wa_P8,0.9632352941176471,PASS
JN013994.1,2371WCVP4A,Homo sapiens,Wa_P8,1.0,PASS
JN013995.1,2371WCVP4B,Homo sapiens,DS1_P4,1.0,PASS
JN013996.1,2371WCVP4C subpopulation 1,Homo sapiens,Wa_P8,1.0,PASS
JN013997.1,2371WCVP4C subpopulation 2,Homo sapiens,Wa_P8,1.0,PASS
GU592511.1,Nov09-D67,Homo sapiens,Wa_P8,0.9889705882352942,PASS
GQ463717.1,Nov09-D2,Homo sapiens,DS1_P4,1.0,PASS
GQ453427.1,Nov09-D57,Homo sapiens,Wa_P8,0.9705882352941176,PASS
GQ453429.1,Nov09-D74,Homo sapiens,Wa_P8,0.9705882352941176,PASS
GQ117009.1,Nov08-3360,Homo sapiens,Wa_P8,1.0,PASS
GQ117013.1,Omsk07-240,Homo sapiens,Wa_P8,0.9705882352941176,PASS
FJ932739.1,Omsk07-88,Homo sapiens,Wa_P8,0.9705882352941176,PASS
DQ525192.1,COD055/BR/1991,Homo sapiens,Wa_P8,0.9558823529411765,PASS
DQ525193.1,COD064/BR/1991,Homo sapiens,Wa_P8,0.9816176470588235,PASS
DQ525196.1,HST034/BR/1998,Homo sapiens,Wa_P8,0.9669117647058824,PASS
DQ525197.1,HSP180/BR/1999,Homo sapiens,Wa_P8,0.9375,PASS
DQ525199.1,HST368/BR/1999,Homo sapiens,Wa_P8,0.9889705882352942,PASS
DQ525200.1,HST369/BR/1999,Homo sapiens,Wa_P8,0.9963235294117647,PASS
DQ525201.1,HST435/BR/2000,Homo sapiens,Wa_P8,0.9632352941176471,PASS
LC634425.1,Avian rotavirus A,Corvus macrorhynchos,Wa_P8,1.0,PASS
MN365937.1,Avian rotavirus A,Gallus gallus,Wa_P8,1.0,PASS
KU587856.1,Rotavirus A pheasant-wt/HUN/216/2015/G23P[37],Phasianus colchicus,DS1_P4,1.0,PASS
JX204814.1,Rotavirus A pheasant-tc/GER/10V0112H5/2010/G23P[37],Phasianus colchicus,DS1_P4,1.0,PASS
EU486962.1,Avian rotavirus A,Gallus gallus,Wa_P8,1.0,PASS
OP963639.1,Bat/2018/S18CXBatR24,Rhinolophus marshalli,Wa_P8,1.0,PASS
OP963650.1,Bat/2016/S16WDBatR61,Eonycteris spelaea,DS1_P4,1.0,PASS
OP963661.1,Bat/2018/S18WDBatR08,Rousettus leschenaultii,Wa_P8,1.0,PASS
LC704645.1,RVA/Bat-tc/ZMB/16-06/2016/G36P[51],Rousettus aegyptiacus,Wa_P8,1.0,PASS
LC704656.1,RVA/Bat-tc/ZMB/16-27/2016/G36P[51],Rousettus aegyptiacus,Wa_P8,1.0,PASS
LC704667.1,RVA/Bat-tc/ZMB/18-12/2018/G36P[51],Rousettus aegyptiacus,Wa_P8,1.0,PASS
KX420942.1,bat/KSA402/2012,Eidolon helvum,Wa_P8,1.0,PASS
LC158117.1,,Rhinolophus simulator,Wa_P8,1.0,PASS
KX268746.1,Bat-wt/CMR/BatLi10/2014/G30P[42]-P42,Chiroptera,Wa_P8,0.9816176470588235,PASS
KX268757.1,Bat-wt/CMR/BatLi09/2014/G30P42_P42,Eidolon helvum,Wa_P8,1.0,PASS
KX268768.1,Bat-wt/CMR/BatLi08/2014/G31P42_P42,Eidolon helvum,Wa_P8,1.0,PASS
KX268779.1,Bat-wt/CMR/BatLy03/2014/G25P43_P43,Eidolon helvum,Wa_P8,1.0,PASS
KX268790.1,Bat-wt/CMR/BatLy17/2014/G30P47_P47,Eidolon helvum,DS1_P4,1.0,PASS
KR106161.1,RVA/Bat-wt/4754/BRA/2013,Molossus molossus,Wa_P8,0.9301470588235294,PASS
KR106166.1,RVA/Bat-wt/3081/BRA/2013,Glossophaga soricina,DS1_P4,0.9705882352941176,PASS
PX460256.1,,Equus caballus,DS1_P4,1.0,PASS
PX460257.1,,Equus caballus,DS1_P4,1.0,PASS
PX460258.1,,Equus caballus,DS1_P4,1.0,PASS
PX460259.1,,Equus caballus,DS1_P4,1.0,PASS
PX460260.1,,Equus caballus,DS1_P4,1.0,PASS
PX460261.1,,Equus caballus,DS1_P4,1.0,PASS
PX460262.1,,Equus caballus,DS1_P4,1.0,PASS
PX460263.1,,Equus caballus,DS1_P4,1.0,PASS
PX460264.1,,Equus caballus,DS1_P4,1.0,PASS
PV863438.1,,Equus caballus,DS1_P4,1.0,PASS
PP453578.1,,Equus caballus,DS1_P4,1.0,PASS
PP453589.1,,Equus caballus,DS1_P4,1.0,PASS
ON377050.1,,Equus asinus,DS1_P4,1.0,PASS
OK651090.1,,Equus caballus,DS1_P4,1.0,PASS
OK651091.1,,Equus caballus,DS1_P4,1.0,PASS
OK651092.1,,Equus caballus,Wa_P8,1.0,PASS
OK651093.1,,Equus caballus,Wa_P8,1.0,PASS
LC528255.1,,Equus caballus,DS1_P4,0.9852941176470589,PASS
LC460211.1,,Equus caballus,DS1_P4,0.9779411764705882,PASS
LC460222.1,,Equus caballus,DS1_P4,0.9779411764705882,PASS
LC460233.1,,Equus caballus,DS1_P4,0.9779411764705882,PASS
LC460244.1,,Equus caballus,DS1_P4,0.9779411764705882,PASS
LC467802.1,,Equus caballus,DS1_P4,0.9779411764705882,PASS
LC467813.1,,Equus caballus,DS1_P4,0.9779411764705882,PASS
LC467824.1,,Equus caballus,DS1_P4,0.9779411764705882,PASS
LC467835.1,,Equus caballus,DS1_P4,0.9779411764705882,PASS
LC467846.1,,Equus caballus,DS1_P4,0.9779411764705882,PASS
LC467857.1,,Equus caballus,DS1_P4,0.9779411764705882,PASS
LC467868.1,,Equus caballus,DS1_P4,0.9779411764705882,PASS
LC467879.1,,Equus caballus,DS1_P4,0.9779411764705882,PASS
LC467890.1,,Equus caballus,DS1_P4,0.9779411764705882,PASS
LC467901.1,,Equus caballus,DS1_P4,0.9779411764705882,PASS
LC467912.1,,Equus caballus,DS1_P4,0.9779411764705882,PASS
LC467923.1,,Equus caballus,DS1_P4,0.9779411764705882,PASS
LC467934.1,,Equus caballus,DS1_P4,0.9779411764705882,PASS
MG970198.1,,Equus caballus,DS1_P4,1.0,PASS
MG970199.1,,Equus caballus,DS1_P4,1.0,PASS
MG970200.1,,Equus caballus,DS1_P4,1.0,PASS
MG970201.1,,Equus caballus,DS1_P4,1.0,PASS
MG970202.1,,Equus caballus,DS1_P4,1.0,PASS
MG970203.1,,Equus caballus,DS1_P4,1.0,PASS
MG970204.1,,Equus caballus,DS1_P4,1.0,PASS
MG970205.1,,Equus caballus,DS1_P4,1.0,PASS
MG970206.1,,Equus caballus,DS1_P4,1.0,PASS
MG970207.1,,Equus caballus,DS1_P4,1.0,PASS
MG970208.1,,Equus caballus,DS1_P4,1.0,PASS
MG970209.1,,Equus caballus,DS1_P4,1.0,PASS
MG970210.1,,Equus caballus,DS1_P4,1.0,PASS
MG970211.1,,Equus caballus,DS1_P4,1.0,PASS
MG970212.1,,Equus caballus,DS1_P4,1.0,PASS
MG970213.1,,Equus caballus,DS1_P4,1.0,PASS
MG970214.1,,Equus caballus,DS1_P4,1.0,PASS
MG970215.1,,Equus caballus,DS1_P4,1.0,PASS
MG970216.1,,Equus caballus,DS1_P4,1.0,PASS
MG970217.1,,Equus caballus,DS1_P4,1.0,PASS
MG970218.1,,Equus caballus,DS1_P4,1.0,PASS
MG970219.1,,Equus caballus,DS1_P4,1.0,PASS
MG970220.1,,Equus caballus,DS1_P4,1.0,PASS
MG970221.1,,Equus caballus,DS1_P4,1.0,PASS
MG970222.1,,Equus caballus,DS1_P4,1.0,PASS
MG970223.1,,Equus caballus,DS1_P4,1.0,PASS
MG970224.1,,Equus caballus,DS1_P4,1.0,PASS
MG970225.1,,Equus caballus,DS1_P4,1.0,PASS
MG970226.1,,Equus caballus,DS1_P4,1.0,PASS
MG970227.1,,Equus caballus,DS1_P4,1.0,PASS
MG970228.1,,Equus caballus,DS1_P4,1.0,PASS
MG970229.1,,Equus caballus,DS1_P4,1.0,PASS
MG970230.1,,Equus caballus,DS1_P4,1.0,PASS
KR873107.1,,Equus caballus,DS1_P4,0.9779411764705882,PASS
KR873108.1,,Equus caballus,DS1_P4,1.0,PASS
KR873109.1,,Equus caballus,DS1_P4,1.0,PASS
KR873110.1,,Equus caballus,DS1_P4,1.0,PASS
KR873111.1,,Equus caballus,DS1_P4,1.0,PASS
KR873112.1,,Equus caballus,DS1_P4,1.0,PASS
KR873113.1,,Equus caballus,DS1_P4,1.0,PASS
KR873114.1,,Equus caballus,DS1_P4,1.0,PASS
KR873116.1,,Equus caballus,DS1_P4,1.0,PASS
KR873117.1,,Equus caballus,DS1_P4,1.0,PASS
KR873118.1,,Equus caballus,DS1_P4,1.0,PASS
KR873119.1,,Equus caballus,DS1_P4,1.0,PASS
KR873120.1,,Equus caballus,DS1_P4,1.0,PASS
KR873121.1,,Equus caballus,DS1_P4,1.0,PASS
KR873123.1,,Equus caballus,DS1_P4,1.0,PASS
KR873124.1,,Equus caballus,DS1_P4,1.0,PASS
KR873125.1,,Equus caballus,DS1_P4,1.0,PASS
KR873126.1,,Equus caballus,DS1_P4,1.0,PASS
KR873127.1,,Equus caballus,DS1_P4,1.0,PASS
KR873128.1,,Equus caballus,DS1_P4,1.0,PASS
KR873129.1,,Equus caballus,DS1_P4,1.0,PASS
KR873130.1,,Equus caballus,DS1_P4,1.0,PASS
KR086410.1,,Equus caballus,DS1_P4,1.0,PASS
KM454484.1,,Equus caballus,DS1_P4,1.0,PASS
KM454495.1,,Equus caballus,DS1_P4,1.0,PASS
KM454506.1,,Equus caballus,DS1_P4,1.0,PASS
KM515863.1,,Equus caballus,DS1_P4,0.9411764705882353,PASS
KM515864.1,,Equus caballus,DS1_P4,0.9411764705882353,PASS
KM515865.1,,Equus caballus,DS1_P4,0.9375,PASS
KM515866.1,,Equus caballus,DS1_P4,0.9375,PASS
KM515867.1,,Equus caballus,DS1_P4,0.9411764705882353,PASS
KM515869.1,,Equus caballus,DS1_P4,0.8823529411764706,REVIEW
KM515871.1,,Equus caballus,DS1_P4,0.9411764705882353,PASS
KM515872.1,,Equus caballus,DS1_P4,0.9411764705882353,PASS
KM515873.1,,Equus caballus,DS1_P4,0.9411764705882353,PASS
JX036368.1,,Equus caballus,DS1_P4,0.9816176470588235,PASS
JN903521.1,,Equus caballus,DS1_P4,1.0,PASS
JN903522.1,,Equus caballus,DS1_P4,1.0,PASS
JN872868.1,,Equus caballus,DS1_P4,1.0,PASS
