accession,full_name,host,genotype,label,adaptation_group,country,collection_year,dataset_split,selected_frame,protein_length,vp8_reference,vp8_coverage,vp8_status,sequence_md5,protein_md5
PP211180.1,RVA/Human-wt/PA207/2021/ITA/G1P[8],Human,P[8],Positive,Human_Anchor,Italy,2021.0,training,0,778,Wa_P8,1.0,PASS,a2f05e99828b25977cdb6f69dc8f68ff,344d454a942aa4df45ad9b0a42bdd467
OP487300.2,RVA/Human-wt/USA/3000782785/2017/G8P[8],Human,P[8],Positive,Human_Anchor,USA,2017.0,training,0,778,Wa_P8,1.0,PASS,cd88bb26f73e5ac5ea7dec4299cbac42,49dc28ed6ba5ab32eb36bb64aacca551
OP487333.2,RVA/Human-wt/USA/3000803525/2017/G8P[8],Human,P[8],Positive,Human_Anchor,USA,2017.0,training,1,774,Wa_P8,0.9963235294117647,PASS,e80a8634d36f19510d5d69fca1d7fd7e,d2fdb770a2dbaeeb70abcf5571580f79
OP487388.2,RVA/Human-wt/USA/3000804087/2017/G8P[8],Human,P[8],Positive,Human_Anchor,USA,2017.0,training,1,775,Wa_P8,1.0,PASS,6b3ae825ce0a9d3f133736804c90e773,11930d9403f57f1a67a75eb1ce54f804
OP487443.1,RVA/Human-wt/USA/3000908377/2017/G8P[8],Human,P[8],Positive,Human_Anchor,USA,2017.0,training,0,818,Wa_P8,1.0,PASS,217b73a9074d5a695a7d04a8cfafc058,9f138c8e449c975ca06be9a0be9169f5
OK872252.1,RVA/Human-Lab/JPN/Odelia/2020/G4P[8],Human,P[8],Positive,Human_Anchor,USA,2020.0,training,0,778,Wa_P8,1.0,PASS,96b593901d2726e318e23f057f29a58f,3588a0d2536cc8aa895cdcbae8ca9271
MW718932.1,MH100P,Human,P[6],Positive,Human_Anchor,Tanzania,2019.0,training,2,817,Wa_P8,0.9816176470588235,PASS,d229f1f7c1b10a0f81ffe998d17a94de,aaf507a25985b8dc1ad0061134fe9c54
MW718934.1,IR208P,Human,P[6],Positive,Human_Anchor,Tanzania,2019.0,training,2,817,Wa_P8,0.9816176470588235,PASS,25a6afdcaee89b646d523f9abb18ef7c,f72e92eee3fcef831c53eb2c0dace08a
MW718935.1,IR226P,Human,P[6],Positive,Human_Anchor,Tanzania,2019.0,training,0,818,Wa_P8,0.9595588235294118,PASS,1cd78514e895f9f8b487c7df76ebee45,cdb74a6f22b731218614aa4b6006c2b2
MW718947.1,MH032P,Human,P[8],Positive,Human_Anchor,Tanzania,2019.0,training,1,818,Wa_P8,0.9632352941176471,PASS,04ae6a6d1512dc2b32c1cf0d230406fc,767090f1e198ee2ab8aa8467a0c68cdc
MW718952.1,VAC2P,Human,P[8],Positive,Human_Anchor,Tanzania,2019.0,training,0,818,Wa_P8,0.9779411764705882,PASS,949eb8fee41f145bf6c1f89d0e24a282,ad97904b843dab79daf34eb1b9d284d2
OL906390.1,RM251122016,Human,P[8],Positive,Human_Anchor,India,2016.0,training,0,779,Wa_P8,0.9889705882352942,PASS,da76bf5d6eb7efcc29f63fe9b95778d8,d1e236708b75272c8ab72da729b8c9f3
MT381743.1,PAK41,Human,P[8],Positive,Human_Anchor,Pakistan,2015.0,training,0,818,Wa_P8,1.0,PASS,c3453390b03834e785eb182caf9e3bbf,4c3ee73f592b666538d54566865b6d3b
MT381746.1,PAK88,Human,P[8],Positive,Human_Anchor,Pakistan,2015.0,training,0,818,Wa_P8,1.0,PASS,61adb7f1117588a0c026277922e8cd89,ed6e323abe0a1a8004a1cc9c8c94d8f7
MN417972.1,,Human,P[8],Positive,Human_Anchor,Pakistan,2015.0,training,0,776,Wa_P8,1.0,PASS,163a53503955033bbd0e940324e39bdd,ac07a2f54662d91ce8065541f387f755
LC469325.1,,Human,P[8],Positive,Human_Anchor,Indonesia,2015.0,training,0,775,Wa_P8,1.0,PASS,7f7ba667f5b6c8908d4ea577eb617b9c,93688db3a7c324a07a860f16b2e5859b
LC469327.1,,Human,P[8],Positive,Human_Anchor,Indonesia,2015.0,training,0,778,Wa_P8,1.0,PASS,37de4c75e04068ac679e22851ee01d1d,19db0e8fb695f732031ec4a6daae41df
LC469331.1,,Human,P[8],Positive,Human_Anchor,Indonesia,2016.0,training,1,776,Wa_P8,1.0,PASS,662e52b4cd3dd11ab7807dae883facf8,ab57da55de0f64394161129cc66d43ae
LC469332.1,,Human,P[6],Positive,Human_Anchor,Indonesia,2016.0,training,0,775,Wa_P8,1.0,PASS,104d7ec28a9a3952034c2e9f9be3c545,bb9babe60cdd759235bf547e5053c7dc
LC469333.1,,Human,P[6],Positive,Human_Anchor,Indonesia,2016.0,training,0,775,Wa_P8,1.0,PASS,5f7713ebd08d28c6bee17c13a46a916d,69e20fbb3c2e8cd933b3b6d570062e82
LC469337.1,,Human,P[6],Positive,Human_Anchor,Indonesia,2017.0,training,0,778,Wa_P8,1.0,PASS,ea9c73924ca53884c66f48056ea37204,c9cf50ff999bd3ce0303f1f6929223f9
LC469339.1,,Human,P[8],Positive,Human_Anchor,Indonesia,2014.0,training,0,782,Wa_P8,0.9889705882352942,PASS,fe95531dd729fe609bf3ef60b84d86cc,25a64c1019c3c01e133b5205b79458ac
LC469340.1,,Human,P[8],Positive,Human_Anchor,Indonesia,2014.0,training,0,780,Wa_P8,1.0,PASS,f97628830134e097a5863c2aab03467c,f0721c192ed5578857d791d70e317609
LC469341.1,,Human,P[8],Positive,Human_Anchor,Indonesia,2014.0,training,1,774,Wa_P8,0.9816176470588235,PASS,d55edbd1c64461cb5522190b2be3dd69,1b524159a65ec0cf86d67f0688c6c867
MH002241.1,,Human,P[8],Positive,Human_Anchor,France,2015.0,training,1,818,Wa_P8,0.9705882352941176,PASS,4e2e04b26e9f335b0c92aa674a4a6599,b7f67933e659b5263ee2b1a365d5b5ec
MG590344.1,RVA/Human-wt/BRA/CE0045/2010/P[8],Human,P[8],Positive,Human_Anchor,Brazil,2010.0,training,0,818,Wa_P8,0.9522058823529411,PASS,d1d839786c23d3de8b60744be6735a8d,70fbb150760a1aaaadf56d07d6618565
MG590346.1,RVA/Human-wt/BRA/CE0158/2010/P[4],Human,P[4],Positive,Human_Anchor,Brazil,2010.0,training,0,818,DS1_P4,0.9522058823529411,PASS,81ad11951679ab3c5874126dcdb16286,4187caf763439923e40ddf111de68b65
KX778573.1,RVA/Human-wt/CHN/km15007/G9P[8],Human,P[8],Positive,Human_Anchor,China,2015.0,training,0,775,Wa_P8,1.0,PASS,08cbd2b920704af56c72afe82756a598,1c5ed679d521c03ec9a9763b9f7596d6
KX778576.1,RVA/Human-wt/CHN/km15093/G9P[8],Human,P[8],Positive,Human_Anchor,China,2015.0,training,0,775,Wa_P8,1.0,PASS,572bcc4f94116606b097447f603528f3,d65bf81c3b99f6f76353599cceb6d90c
KX778578.1,RVA/Human-wt/CHN/km15095/G9P[8],Human,P[8],Positive,Human_Anchor,China,2015.0,training,0,775,Wa_P8,1.0,PASS,a76eb8e517b83fd289cb2953dd8b1b94,20e40bbfcd916359c5a1eb55e66146a1
KU754055.1,Hu/Ash-1/2015/G2P[4],Human,P[4],Positive,Human_Anchor,Thailand,2015.0,training,0,818,DS1_P4,0.9779411764705882,PASS,5d12c0c3833ed2ee64a83b336335ea30,bccb2655f17ac790af161a597100b3a4
KU754057.1,Hu/Ash-12/2015/G2P[4],Human,P[4],Positive,Human_Anchor,Thailand,2015.0,training,1,818,DS1_P4,0.9889705882352942,PASS,aff200ee74e4c6fc147f92f19f879535,53c147d9ac095922465a780483207be1
KU754058.1,Hu/Ash-21/2015/G2P[4],Human,P[4],Positive,Human_Anchor,Thailand,2015.0,training,1,818,DS1_P4,0.9816176470588235,PASS,0bf71633185611cccfcf1f3e4e06eb99,840667560409f1bd6dbcb1dabfb16f7b
KU754060.1,Hu/Ash-27/2015/G2P[4],Human,P[4],Positive,Human_Anchor,Thailand,2015.0,training,0,818,DS1_P4,1.0,PASS,5195e98360d8816108a4b0b011e8ed0d,30fd169ccaed6ee32bd90cf1810fb83d
KU754062.1,Hu/Ash-B09/2015/G2P[4],Human,P[4],Positive,Human_Anchor,Thailand,2015.0,training,0,818,DS1_P4,0.9558823529411765,PASS,c1d741d7539b8816a93698c18ecc71d3,9921248278ce32a609ae11294a750885
KU754063.1,Hu/Ash-5/2015/G8P[8],Human,P[8],Positive,Human_Anchor,Thailand,2015.0,training,0,818,Wa_P8,0.9742647058823529,PASS,e91b34b0624453b4a8b0c90fae7258d7,caabac9dc04987b2ba1cdd0443b4702f
KU754069.1,Hu/Ash-11/2015/G1P[8],Human,P[8],Positive,Human_Anchor,Thailand,2015.0,training,0,818,Wa_P8,0.9742647058823529,PASS,d023010cb27b5c2d7318a9723033293b,5de405b4f901e053764e92db03e7000e
KU754085.1,Hu/Ash-28/2015/G1P[8],Human,P[8],Positive,Human_Anchor,Thailand,2015.0,training,0,818,Wa_P8,0.9448529411764706,PASS,583542a39d4d4b754c5cfba2ab38faff,7e3d3e79b287ab10f78a8fbe22aa58bf
KU754088.1,Hu/Ash-35/2015/G8P[8],Human,P[8],Positive,Human_Anchor,Thailand,2015.0,training,0,818,Wa_P8,0.9448529411764706,PASS,a46b214fcf29f457db126700f60e5556,65e946a116b9563324a2ac90d6ceb7b4
KU754105.1,Hu/Ash-C15/2015/G1P[8],Human,P[8],Positive,Human_Anchor,Thailand,2015.0,training,0,818,Wa_P8,0.9742647058823529,PASS,ddd68cd751ace4bcdc756766d69eef6a,9a2703811ef06266a3394919650285d9
KU754112.1,Hu/Ash-C23/2015/G1P[8],Human,P[8],Positive,Human_Anchor,Thailand,2015.0,training,0,818,Wa_P8,0.9301470588235294,PASS,800d4aa20c3e433e6c13bb00c5bcc520,b27b3c0915303760d9a475dd562f2e2e
KU754119.1,Hu/Ash-B11/2015/G1P[8],Human,P[8],Positive,Human_Anchor,Thailand,2015.0,training,0,818,Wa_P8,0.9558823529411765,PASS,96352062f863bec11a7a76faa285e809,02162c3f569420a3a9579f9eb2d09c09
KU754125.1,Hu/Ash-B22/2015/G3P[8],Human,P[8],Positive,Human_Anchor,Thailand,2015.0,training,0,818,Wa_P8,0.9411764705882353,PASS,28f33de108c46f60649f4071b121690a,08bac4d6104354de3b9f060c862a6d48
KU754136.1,Hu/Ash-B44/2015/G3P[8],Human,P[8],Positive,Human_Anchor,Thailand,2015.0,training,0,818,Wa_P8,0.9448529411764706,PASS,c0c8a80af9d1a0639795f4150aef5373,cb01ad125ff381bde833e60ab0f22d70
KX536661.1,,Human,P[4],Positive,Human_Anchor,India,2009.0,training,0,778,DS1_P4,1.0,PASS,0e2e8003b509c2a8806e892bdb83767e,ac9e6557bab842e6c405d62dcf8f02ad
KX536662.1,,Human,P[4],Positive,Human_Anchor,India,2010.0,training,0,778,DS1_P4,1.0,PASS,6c4354cd558368e1c87858ecbc291947,7958ab10327b9968b55ee242fe7c1291
KX536663.1,,Human,P[4],Positive,Human_Anchor,India,2011.0,training,0,778,DS1_P4,1.0,PASS,485d9bc06c8c149c535c341d1af2c114,a74584202d54ca541cc1533a69d1b0fc
KT387254.1,,Human,P[4],Positive,Human_Anchor,India,2012.0,training,0,818,DS1_P4,0.9816176470588235,PASS,ba32d7b3f9b5f3d753649e9c938c9417,e0695b326d0a3852a71f0e7e4f50e333
KT387255.1,,Human,P[8],Positive,Human_Anchor,India,2012.0,training,0,818,Wa_P8,0.9632352941176471,PASS,e200ef042b63cada7a16702a682ee4c0,35b00a7636c76bacf5b826561e0b3fa1
KT387256.1,,Human,P[4],Positive,Human_Anchor,India,2012.0,training,0,818,DS1_P4,0.9448529411764706,PASS,46db059d1d9e2b4bcd1476c366a1f15e,874999444d9cf69d14008e431c578a58
KT387257.1,,Human,P[8],Positive,Human_Anchor,India,2013.0,training,0,818,Wa_P8,0.9779411764705882,PASS,f1523291f72d4ff73ed6e92ae79a9230,912e6e8d953e14175c50ba011fc73963
KT387259.1,,Human,P[8],Positive,Human_Anchor,India,2013.0,training,0,818,Wa_P8,0.9705882352941176,PASS,f099e7eece6ee3267c9f4ceb26953f6b,7217c652fcda424a1f225b004c658c99
KT387260.1,,Human,P[8],Positive,Human_Anchor,India,2013.0,training,0,818,Wa_P8,0.9669117647058824,PASS,77f44973ed6e5ad10dd7ae68079d35b5,5112cbc5f255714565be27ef2aa481bf
KT387261.1,,Human,P[8],Positive,Human_Anchor,India,2013.0,training,0,818,Wa_P8,0.9779411764705882,PASS,dc777d439b9d56ecc160bef3525bf233,1512a110cbc8d23a0a1bf579ca4d8274
KT387263.1,,Human,P[6],Positive,Human_Anchor,India,2013.0,training,0,818,Wa_P8,0.9669117647058824,PASS,c369db44b03769243f5fddfd59fb5037,984254b8c268998255aac847da5f3faf
KT387268.1,,Human,P[4],Positive,Human_Anchor,India,2014.0,training,0,818,DS1_P4,0.9852941176470589,PASS,adfa688778c8b44ff9a628e686c5d591,c19c6651df42fd96c15ed2f2954e7b77
KT387269.1,,Human,P[8],Positive,Human_Anchor,India,2014.0,training,0,818,Wa_P8,0.9301470588235294,PASS,60018883187e4b7adbb2bbeda4af1d39,be20eec4c9f2234c0f4e7dfbdc105545
KT387270.1,,Human,P[8],Positive,Human_Anchor,India,2014.0,training,0,818,Wa_P8,0.9852941176470589,PASS,23a374aa56a78a9c0f962afded916a4e,1fee4da0807896c14765ad8d29c59c36
KT387271.1,,Human,P[4],Positive,Human_Anchor,India,2014.0,training,0,818,DS1_P4,0.9816176470588235,PASS,c54b65cc34e9897c849e2e3f95b40f6f,77f45a59b6f0a9999f49fa62848dd3e1
KR653307.1,Human-wt/KHM/CC9192/2014/G26P[6],Human,P[6],Positive,Human_Anchor,Cambodia,2014.0,training,0,818,Wa_P8,0.9816176470588235,PASS,43e9182f4619d6e5aed8c91bdda6268a,66ec2e58488ad71ab6ba7a7378a81e45
KC951971.1,RVA/Human-wt/ECU/2012826168/2011/G2P[4],Human,P[4],Positive,Human_Anchor,Ecuador,2011.0,training,0,818,DS1_P4,0.9669117647058824,PASS,ba73dd8e2314e627e6c6f932159e450e,0ae8750f532b50a2e876a9470520d905
KC951982.1,RVA/Human-wt/ECU/2012826037/2011/G9P[8],Human,P[8],Positive,Human_Anchor,Ecuador,2011.0,training,0,818,Wa_P8,0.9632352941176471,PASS,1921c1758e1cd5097794dc0d6560a5ae,703db554119c4632d76e161186e09fbc
KC951985.1,RVA/Human-wt/ECU/2012826152/2011/G9P[8],Human,P[8],Positive,Human_Anchor,Ecuador,2011.0,training,0,818,Wa_P8,0.9632352941176471,PASS,50243ed582392ea58ff04f0d71be7a26,42d4a691398bd95830e4564998a8a7ef
KC951986.1,RVA/Human-wt/ECU/2012826166/2011/G2P[8],Human,P[8],Positive,Human_Anchor,Ecuador,2011.0,training,0,818,DS1_P4,0.9632352941176471,PASS,5d7a1bb015f207326d03f56dfa5c61fd,4441bf26427450d75c2364a05896ba72
KC951993.1,RVA/Human-wt/ECU/2012826222/2012/G9P[8],Human,P[8],Positive,Human_Anchor,Ecuador,2012.0,training,0,818,DS1_P4,0.9632352941176471,PASS,cd53a58aa9dc7d6e973ae53bf03ce9df,384d86296b9a2ce80f35b7713ec0e887
JN013994.1,2371WCVP4A,Human,P[8],Positive,Human_Anchor,South Africa,2008.0,training,0,778,Wa_P8,1.0,PASS,d4bfa89daec138bd3927043e00141879,e23b1e50ba44cb3e7f67bfc79277d52b
JN013995.1,2371WCVP4B,Human,P[4],Positive,Human_Anchor,South Africa,2008.0,training,0,778,DS1_P4,1.0,PASS,12b60de84583b755fb3a794418bb7a00,f3d7404f13aca75eaff82a2f19c564d4
JN013996.1,2371WCVP4C subpopulation 1,Human,P[6],Positive,Human_Anchor,South Africa,2008.0,training,0,778,Wa_P8,1.0,PASS,b157d9ea8c96c9c21ace18fb13a106e1,ffffd4c77d40ed27d63b27d6aaa00ba7
JN013997.1,2371WCVP4C subpopulation 2,Human,P[6],Positive,Human_Anchor,South Africa,2008.0,training,0,778,Wa_P8,1.0,PASS,25bd85b01b3459c9b5b8f3956d75cd44,5c1737662f0d82896c80acb972a8ccf0
GU592511.1,Nov09-D67,Human,P[8],Positive,Human_Anchor,Russia,2009.0,training,0,818,Wa_P8,0.9889705882352942,PASS,8057b255940efc1c17c46732734b936d,1b15442c72307f9ab23451883968d328
GQ463717.1,Nov09-D2,Human,P[4],Positive,Human_Anchor,Russia,2009.0,training,1,818,DS1_P4,1.0,PASS,236553fe65bf12185eb4ab58f929d17c,7954b20ceb38014725aa7645d863c2a8
GQ453427.1,Nov09-D57,Human,P[8],Positive,Human_Anchor,Russia,2009.0,training,0,818,Wa_P8,0.9705882352941176,PASS,6326dfbf633e9850be9bfc18edb74cc5,fe0b00e7ff0ec7fbfa4cd59c9304997b
GQ117009.1,Nov08-3360,Human,P[8],Positive,Human_Anchor,Russia,2008.0,training,1,818,Wa_P8,1.0,PASS,631b5b7dd9b4d072f7bee651c56cc6d0,62c1c6ef8737db15ce79ad4477328430
FJ932739.1,Omsk07-88,Human,P[8],Positive,Human_Anchor,Russia,2007.0,training,0,818,Wa_P8,0.9705882352941176,PASS,7daa5fd766bb8ec031b6d516a82ac7b8,a07d31bb97592983878bb3c105f97450
DQ525192.1,COD055/BR/1991,Human,P[6],Positive,Human_Anchor,Brazil,,training,0,818,Wa_P8,0.9558823529411765,PASS,807850775d0c114b56f1d6afe130dd6d,02215a963ee6974433d2b6518492a663
DQ525193.1,COD064/BR/1991,Human,P[6],Positive,Human_Anchor,Brazil,,training,0,818,Wa_P8,0.9816176470588235,PASS,36cfab4e2d2600ddc49bc4d2119305e0,1f6197d219dc49a82969d82b0a1d706d
DQ525196.1,HST034/BR/1998,Human,P[6],Positive,Human_Anchor,Brazil,,training,0,818,Wa_P8,0.9669117647058824,PASS,212cee60aa2a35ced49e7f1b2c7ea118,f92929df5f1baa66ee0e88ed7b303c45
DQ525197.1,HSP180/BR/1999,Human,P[6],Positive,Human_Anchor,Brazil,,training,0,818,Wa_P8,0.9375,PASS,77fa36e78e83496719767702d95d63d6,2428cd250d0ec682508d7cd3e7efb5f4
DQ525199.1,HST368/BR/1999,Human,P[6],Positive,Human_Anchor,Brazil,,training,0,818,Wa_P8,0.9889705882352942,PASS,fbd48cb1664c2aac58e5bc7409ab58a7,b34b580a781a0f93268a73856bbb7ca5
DQ525200.1,HST369/BR/1999,Human,P[6],Positive,Human_Anchor,Brazil,,training,0,818,Wa_P8,0.9963235294117647,PASS,4bb3781560d5ca39f48652e839ff31f2,6021bfd7e4a5db9da4b526f5bb3c337e
DQ525201.1,HST435/BR/2000,Human,P[6],Positive,Human_Anchor,Brazil,,training,0,818,Wa_P8,0.9632352941176471,PASS,e59bc8a0d49670c5905c7d71e3d5cbfb,de6b2c7705218e0bd904d057b42e837f
LC634425.1,Avian rotavirus A,Avian,P[56],Negative,Animal_Anchor,Japan,2019.0,training,0,770,Wa_P8,1.0,PASS,3542124395d490a0b31f53577a287ff5,d7b33c9b34d914196164a39ccca07967
MN365937.1,Avian rotavirus A,Avian,P[31],Negative,Animal_Anchor,Germany,2006.0,training,0,770,Wa_P8,1.0,PASS,5272ba02fdf3249cb35b536f8b46ad68,32d00593f006e36273480b28ea2bec61
KU587856.1,Rotavirus A pheasant-wt/HUN/216/2015/G23P[37],Avian,Unknown,Negative,Animal_Anchor,Hungary,2015.0,training,1,766,DS1_P4,1.0,PASS,8ecd94d7f43b007c29857bcc3db440b4,9fea3e4b4c96352577ea7de9ddbdf24f
JX204814.1,Rotavirus A pheasant-tc/GER/10V0112H5/2010/G23P[37],Avian,P[37],Negative,Animal_Anchor,Germany,2010.0,training,0,766,DS1_P4,1.0,PASS,83e1e74d01905affcebf5e856a7ddb89,55f516175c2913f21d7c61f5e9ec4b6a
EU486962.1,Avian rotavirus A,Avian,P[31],Negative,Animal_Anchor,Germany,2006.0,training,0,770,Wa_P8,1.0,PASS,9d0767e53cdf7c2b9b19ab4b5b8ccbc6,912027e0ebbc394d14f29bec6ed9c1ff
OP963639.1,Bat/2018/S18CXBatR24,Bat,Unknown,Negative,Animal_Anchor,China: Yunnan,2018.0,training,0,779,Wa_P8,1.0,PASS,9b48be1e0c2da61d77ea1bb02a002993,645b87fdaf232451b0d5b4e01159fecd
OP963650.1,Bat/2016/S16WDBatR61,Bat,Unknown,Negative,Animal_Anchor,China: Yunnan,2016.0,training,0,779,DS1_P4,1.0,PASS,9a0a80bf31319db7b9c85cffef713b3a,630d3cfe118927e8f370ff1a716cc06b
OP963661.1,Bat/2018/S18WDBatR08,Bat,Unknown,Negative,Animal_Anchor,China: Yunnan,2018.0,training,0,776,Wa_P8,1.0,PASS,fbdb2e0e0128e70a752a353436e9803e,4c21177c2d5543e4c612eeabacc70294
LC704645.1,RVA/Bat-tc/ZMB/16-06/2016/G36P[51],Bat,P[51],Negative,Animal_Anchor,Zambia,2016.0,training,2,779,Wa_P8,1.0,PASS,b8ab654ce1eef99e332ea40377f73318,028ebd6471111ece4a045914b2c3a54a
LC704667.1,RVA/Bat-tc/ZMB/18-12/2018/G36P[51],Bat,P[51],Negative,Animal_Anchor,Zambia,2018.0,training,2,779,Wa_P8,1.0,PASS,fc55baa095f92617240633b52a8dcad9,4b0968ba987a97a3377436a11af3902a
KX420942.1,bat/KSA402/2012,Bat,Unknown,Negative,Animal_Anchor,Saudi Arabia,2012.0,training,0,793,Wa_P8,1.0,PASS,f604de86701b7dc3353cbb4132137ebe,053c4e64ee827a3d42ee5b3a33a79305
LC158117.1,,Bat,P[3],Negative,Animal_Anchor,Zambia,2012.0,training,0,779,Wa_P8,1.0,PASS,66ff9a3c97bcf65c401d325f26936aa2,adbc2a499e106fbf151c4992d4f69847
KX268746.1,Bat-wt/CMR/BatLi10/2014/G30P[42]-P42,Bat,P[42],Negative,Animal_Anchor,Cameroon,2014.0,training,1,771,Wa_P8,0.9816176470588235,PASS,e066b36028701cc7d378b31ca5539bfd,bbffcb2b5dc7cf65ecee01223f59a7f3
KX268757.1,Bat-wt/CMR/BatLi09/2014/G30P42_P42,Bat,P[42],Negative,Animal_Anchor,Cameroon,2014.0,training,0,778,Wa_P8,1.0,PASS,be59ff413e465423a1869513fa03e7ba,3c0e5a8aeca799aec62fe37227453fc5
KX268768.1,Bat-wt/CMR/BatLi08/2014/G31P42_P42,Bat,P[42],Negative,Animal_Anchor,Cameroon,2014.0,training,0,776,Wa_P8,1.0,PASS,e083862fed62572106b890eb711938a2,1e4569d59c683bea29f4f6e616de4ba8
KX268779.1,Bat-wt/CMR/BatLy03/2014/G25P43_P43,Bat,P[43],Negative,Animal_Anchor,Cameroon,2013.0,training,0,779,Wa_P8,1.0,PASS,76e9d071554ecfceabb3c3f825f51d2d,e9c78106571522413491bab4f3d41ac7
KX268790.1,Bat-wt/CMR/BatLy17/2014/G30P47_P47,Bat,P[47],Negative,Animal_Anchor,Cameroon,2013.0,training,0,775,DS1_P4,1.0,PASS,244943002d11bd5d216a0612cfc58c9e,de86b22deb585a2e00db20a2f0b37f3c
KR106161.1,RVA/Bat-wt/4754/BRA/2013,Bat,P[3],Negative,Animal_Anchor,Brazil,2013.0,training,0,818,Wa_P8,0.9301470588235294,PASS,3d63922ae7bb0675ab9461eabc839528,26d71a5f60e7ee7fccdb2d2b83605fa0
KR106166.1,RVA/Bat-wt/3081/BRA/2013,Bat,G20P[X],Negative,Animal_Anchor,Brazil,2013.0,training,0,818,DS1_P4,0.9705882352941176,PASS,47706732eeb4b3b7e4c51029995bd085,ae95d591dc2875c6f38b8b44fe270127
PX460256.1,,Equine,Unknown,Negative,Animal_Anchor,USA,2022.0,training,0,776,DS1_P4,1.0,PASS,5e307b6055aaaf9428db726abd4eb6f0,1e5ac1a58986dc7235799aba6953fe89
PX460258.1,,Equine,Unknown,Negative,Animal_Anchor,USA,2024.0,training,0,776,DS1_P4,1.0,PASS,3de88519b48e370df990d7768623c8c9,1fac7d3a938320ac67ef7365bd4d8413
PX460259.1,,Equine,Unknown,Negative,Animal_Anchor,USA,2024.0,training,0,776,DS1_P4,1.0,PASS,6e6e84ed1fc91fdcdb28d7380f0402fd,96601570748f6c81938ce076c367e35c
PX460262.1,,Equine,Unknown,Negative,Animal_Anchor,USA,2024.0,training,0,776,DS1_P4,1.0,PASS,cfe48e8976570f30abf519f4228a8183,ef99383c33bda7e301b85d6fa7f25bc8
PV863438.1,,Equine,Unknown,Negative,Animal_Anchor,South Korea,2024.0,training,0,779,DS1_P4,1.0,PASS,3ef23565fd8812d3914599c25e009a2e,933d0f9694e929a57db7e9219cb09c10
ON377050.1,,Equine,P[12],Negative,Animal_Anchor,China,2021.0,training,0,777,DS1_P4,1.0,PASS,7b6242c1e2d5648d10e15fd5931585ed,fdffafb681c1266f3edc593735d3a714
OK651090.1,,Equine,Unknown,Negative,Animal_Anchor,India,2015.0,training,0,778,DS1_P4,1.0,PASS,9f69e7850097b233dcec9adcd4c214fc,1e618819d59abd4d0342972a6c2f9a10
OK651091.1,,Equine,Unknown,Negative,Animal_Anchor,India,2003.0,training,0,776,DS1_P4,1.0,PASS,be876a49288283db39acbfa01157f2ee,39ecdf1c780179948f32474df6a3ce32
OK651092.1,,Equine,Unknown,Negative,Animal_Anchor,India,2017.0,training,0,779,Wa_P8,1.0,PASS,d68a5c3a8572434b847e7abdd59101d1,88b1860c4b00bb68b8192a975708b9cc
LC528255.1,,Equine,Unknown,Negative,Animal_Anchor,Japan: Hokkaido,2019.0,training,1,772,DS1_P4,0.9852941176470589,PASS,333f4e6e77c24b69eb7b4f563e4b23c8,0230ffef33654f3fdda56b1d4dd03949
LC460211.1,,Equine,Unknown,Negative,Animal_Anchor,Japan: Hokkaido,2016.0,training,2,817,DS1_P4,0.9779411764705882,PASS,25e321279810f97c380759758aa9b60a,a2b58d541636992171c3ba0f32f05291
LC460222.1,,Equine,Unknown,Negative,Animal_Anchor,Japan: Hokkaido,2018.0,training,2,817,DS1_P4,0.9779411764705882,PASS,f61e85b3bc6aec2f888fdbfef727f050,7a04c10f08184bc53052a95d4b7a7695
LC460244.1,,Equine,Unknown,Negative,Animal_Anchor,Japan: Hokkaido,2018.0,training,2,817,DS1_P4,0.9779411764705882,PASS,c1853cd61f399a7ce17a8db3eefb8fc6,ed80ae83a9f7309dc6d291a13d676648
MG970198.1,,Equine,P[12],Negative,Animal_Anchor,Argentina,2016.0,training,0,818,DS1_P4,1.0,PASS,ea0a4ed3f882a7fef9f3bd30f70ac055,12cfd2405fa3d540ec389291b6ba49ad
MG970208.1,,Equine,P[12],Negative,Animal_Anchor,USA:KY,2017.0,training,0,818,DS1_P4,1.0,PASS,8b2a316a4997e443c49344af8413198b,95708aa7c1d0e14bc19ded252ee14a65
MG970209.1,,Equine,P[12],Negative,Animal_Anchor,USA:KY,2017.0,training,0,818,DS1_P4,1.0,PASS,f1eed29331c084930cb24fac92b7112f,f324c8030ecc658a4136703292215b37
KR873107.1,,Equine,P[12],Negative,Animal_Anchor,Argentina,2009.0,training,2,817,DS1_P4,0.9779411764705882,PASS,a147c2c77a6c35afc9b66f84d9758eb6,16e0b36fa015139002af443f8bac5a52
KR873108.1,,Equine,P[12],Negative,Animal_Anchor,Argentina,2009.0,training,0,818,DS1_P4,1.0,PASS,4bc883b2738e915e6d4245f7624016bb,70863b3cdd86d3bc309f99f69010ac12
KR086410.1,,Equine,P[18],Negative,Animal_Anchor,United Kingdom,1991.0,training,0,779,DS1_P4,1.0,PASS,e1ac1d959bc808509c4d22b075dfcefd,a7df738a281dec7b92366962a1388577
KM454484.1,,Equine,P[12],Negative,Animal_Anchor,USA,1981.0,training,0,818,DS1_P4,1.0,PASS,8e85e5991069af7912ba75d21e7f57d5,9ade2cbca4e23ff757755f72d67cc6e3
KM454495.1,,Equine,P[12],Negative,Animal_Anchor,United Kingdom,1976.0,training,0,779,DS1_P4,1.0,PASS,eccabfa93adf4795256f3485bbd6f751,d787dd83bb9feb387d653473cb5fc1b9
KM454506.1,,Equine,P[12],Negative,Animal_Anchor,USA,1981.0,training,0,779,DS1_P4,1.0,PASS,c9d5efd7e99012e2bec69a12bd481eed,a762cee338fed851e5ed4b9da900c605
KM515863.1,,Equine,P[12],Negative,Animal_Anchor,Belgium,2013.0,training,0,818,DS1_P4,0.9411764705882353,PASS,9adf3289e89c73278db9aae144c19afd,d53a489ed6d044fb25237e9b6c0afbb5
KM515865.1,,Equine,P[12],Negative,Animal_Anchor,Belgium,2013.0,training,0,818,DS1_P4,0.9375,PASS,e49457b8c43936523f378a45d5109495,9ddedb00d0e8c8991c8f186a402d180d
KM515866.1,,Equine,P[12],Negative,Animal_Anchor,Germany,2013.0,training,0,818,DS1_P4,0.9375,PASS,58d58e4e4a8fe37433ec9baa4cb03cb0,7313826dc2ecbbfe3bed86d2f02a948f
KM515867.1,,Equine,P[12],Negative,Animal_Anchor,Germany,2013.0,training,0,818,DS1_P4,0.9411764705882353,PASS,b65acc930e452fc0bce7cae799a9d66a,5b96ca8c05af62bad08eed6a1c37a10b
KM515869.1,,Equine,P[12],Negative,Animal_Anchor,Belgium,2013.0,training,0,818,DS1_P4,0.8823529411764706,REVIEW,f4d0c6c3b240057919f113b928825de9,8ffe933a10cdf3e06a514550ec935015
KM515872.1,,Equine,P[12],Negative,Animal_Anchor,Belgium,2013.0,training,0,818,DS1_P4,0.9411764705882353,PASS,e155504506c5f9faf5471758b274e992,4985f8da140f8c063b110bba06d10585
JX036368.1,,Equine,P[3],Negative,Animal_Anchor,Argentina,2008.0,training,0,818,DS1_P4,0.9816176470588235,PASS,1400321818a0d706dcfe9a8909c39dca,006d2bec7e6e5334b88f3cccf7e5ad99
JN903521.1,,Equine,Unknown,Negative,Animal_Anchor,Ireland,2004.0,training,0,779,DS1_P4,1.0,PASS,7b49dda19dde125fae05d231355606fe,4173983cfbbadf422b01f8ad50195cfb
JN903522.1,,Equine,Unknown,Negative,Animal_Anchor,Ireland,2003.0,training,0,779,DS1_P4,1.0,PASS,205bb1d3d82ac4df1d8b7fc50faa7dfe,d9a9ed13adfae91d6d0e1fa228840c39
JN872868.1,,Equine,P[12],Negative,Animal_Anchor,Argentina,2008.0,training,0,779,DS1_P4,1.0,PASS,e7bebb1d44b3eee6d901157646bc19f6,decb9d24aeabd034aa870f3395f73944
